zone,traffic,pollution,timestamp
B,0.44072609835641985,0.03363193119605712,1754533458.613386
A,0.0062512157433558535,0.6219727193990491,1754533398.613386
C,0.03852450545422992,0.8887442350511179,1754533338.613386
B,0.6054413322292815,0.8098517397713741,1754533278.613386
A,0.9422388793383109,0.2627598986589085,1754533218.613386
B,0.06976366050876481,0.2955166747738438,1754533158.613386
A,0.09892135639739497,0.9541326522807224,1754533098.613386
C,0.14729688163472443,0.02794783521849209,1754533038.613386
C,0.5906821554779205,0.2595576032721961,1754532978.613386
C,0.658342272672686,0.18994174549043108,1754532918.613386
C,0.923020128880464,0.10529184435128758,1754532858.613386
A,0.42124757776363586,0.6603173509719479,1754532798.613386
B,0.5937261238686787,0.5776898852706311,1754532738.613386
B,0.4280335930721929,0.15157071641703812,1754532678.613386
A,0.9751737718994998,0.8853284786340353,1754532618.613386
B,0.9623436026223406,0.835795106884473,1754532558.613386
B,0.24667777840399374,0.14390017521106202,1754532498.613386
B,0.08620502632461358,0.2899091740726665,1754532438.613386
C,0.9504829080696382,0.23274564698065014,1754532378.613386
B,0.21868515303743585,0.8054573735417454,1754532318.613386
C,0.8944639451212881,0.46241582996438435,1754532258.613386
B,0.868841194071126,0.23016427040949727,1754532198.613386
A,0.48914074487642645,0.8320358948420864,1754532138.613386
A,0.5398734705219008,0.9058461215197492,1754532078.613386
A,0.4973539390246864,0.4761824252731426,1754532018.613386
B,0.979558143930874,0.5514997956910987,1754531958.613386
A,0.6358622873011526,0.25619287171333915,1754531898.613386
C,0.09163628370049759,0.3122452037602669,1754531838.613386
C,0.7806217929941586,0.037601608539684306,1754531778.613386
B,0.05522526715048637,0.24779666598350125,1754531718.613386
C,0.4824928739986438,0.9734516049434729,1754531658.613386
A,0.793916682140972,0.14260663095174242,1754531598.613386
B,0.19477308335813415,0.15284963661885087,1754531538.613386
A,0.36912715994036693,0.776569483502056,1754531478.613386
B,0.7145828437128596,0.8668141274058195,1754531418.613386
C,0.2752367471726064,0.34567965015315016,1754531358.613386
B,0.8055914458333262,0.2125120749611984,1754531298.613386
A,0.9642516086128883,0.5689676732791115,1754531238.613386
B,0.5173686375693394,0.7958513273327306,1754531178.613386
C,0.9510013926259446,0.9883058783856439,1754531118.613386
C,0.39540629369219893,0.0922001145883411,1754531058.613386
C,0.3366877468425107,0.5426852331644728,1754530998.613386
B,0.40003519034994706,0.1740099884790901,1754530938.613386
A,0.9884223020530257,0.6163659210187012,1754530878.613386
C,0.6889686098316434,0.5255056784348126,1754530818.613386
B,0.6261638902267561,0.062249667700240874,1754530758.613386
C,0.7823465222120699,0.4637619999503293,1754530698.613386
A,0.4698335050549334,0.3774977151859633,1754530638.613386
B,0.4544859298043812,0.6889133405711646,1754530578.613386
C,0.4570551801253854,0.06841300148975993,1754530518.613386
B,0.48414135232417255,0.45625132322532,1754530458.613386
A,0.7923673012846345,0.3548189074315261,1754530398.613386
A,0.09502356132229206,0.32920737293136293,1754530338.613386
B,0.3871318463929633,0.1083408272034746,1754530278.613386
B,0.32956599272510156,0.35801380280118733,1754530218.613386
C,0.8375246444289414,0.2375254999064812,1754530158.613386
A,0.07652872957386747,0.13492336649101633,1754530098.613386
A,0.9994071960442842,0.06934758661482698,1754530038.613386
A,0.24964156007586225,0.6653108171286097,1754529978.613386
B,0.44522444917864024,0.012928399321874506,1754529918.613386
C,0.27425135611935303,0.7797487094221232,1754529858.613386
B,0.5174447520284061,0.32227982519914444,1754529798.613386
C,0.9640747317909414,0.9881606034747511,1754529738.613386
C,0.15286029181435312,0.7633412092967266,1754529678.613386
B,0.5624426310074759,0.859102410646208,1754529618.613386
B,0.8219984157442243,0.6764992440810723,1754529558.613386
C,0.48661957173597414,0.5730515550405908,1754529498.613386
C,0.1754869166635732,0.48644686119934977,1754529438.613386
A,0.8058676355024977,0.4647784365242017,1754529378.613386
B,0.8613460962256922,0.47511212677878056,1754529318.613386
C,0.5574560116990549,0.0938923947531477,1754529258.613386
C,0.9879006607291055,0.6313694079441204,1754529198.613386
A,0.592242532495837,0.24806044301884467,1754529138.613386
C,0.20667266365535186,0.40631163687412386,1754529078.613386
C,0.48251801540740724,0.4073945612159774,1754529018.613386
A,0.027156291516624798,0.7785418105605713,1754528958.613386
A,0.401006016756438,0.7612766453150994,1754528898.613386
C,0.9098688499075036,0.7785429244343952,1754528838.613386
A,0.13404792703864943,0.013578761883538792,1754528778.613386
A,0.9033634577145551,0.19721608388234213,1754528718.613386
C,0.36789552654281044,0.2651689999652983,1754528658.613386
A,0.8710474276338607,0.9619086864286498,1754528598.613386
A,0.9611649087876236,0.06530549011720599,1754528538.613386
A,0.0971684945059258,0.9411880005765674,1754528478.613386
C,0.027960429382954066,0.8181643851082162,1754528418.613386
C,0.7307283513537389,0.16886439527047914,1754528358.613386
A,0.8195152104146124,0.06569554482924878,1754528298.613386
C,0.23451119026689682,0.5865690299805948,1754528238.613386
C,0.6757423342687625,0.3005301411295307,1754528178.613386
C,0.9539571207889208,0.23035632753238378,1754528118.613386
B,0.17064974499308916,0.817728885972965,1754528058.613386
B,0.8161569099015161,0.9952923599922922,1754527998.613386
A,0.7802717771376498,0.9110861298678209,1754527938.613386
C,0.35022589416535854,0.10308014160370904,1754527878.613386
A,0.31439712261559505,0.07613027795295169,1754527818.613386
A,0.16597618459213492,0.7190208163798899,1754527758.613386
B,0.5403347908817915,0.781435857546068,1754527698.613386
A,0.24365708991172408,0.5967114088764935,1754527638.613386
A,0.627127599419907,0.27259235256895786,1754527578.613386
A,0.06556848194776577,0.10668483587439803,1754527518.613386
C,0.9846254158470821,0.25567693573170136,1754527458.613386
C,0.07236601706843904,0.48005958121269465,1754527398.613386
C,0.9233650343224347,0.1698267546118697,1754527338.613386
B,0.7537463044916577,0.9013947083374623,1754527278.613386
C,0.902715360597116,0.632480433187796,1754527218.613386
B,0.40030454956044137,0.9618614285897619,1754527158.613386
C,0.6279445451632912,0.2140822120953424,1754527098.613386
A,0.9320757797250201,0.43217613289152057,1754527038.613386
C,0.09022163908196612,0.6890620500326777,1754526978.613386
B,0.10075461457894752,0.5440556245513861,1754526918.613386
A,0.5486603213428546,0.9375975787667957,1754526858.613386
C,0.329109525252952,0.5945054822873748,1754526798.613386
C,0.35119016363939903,0.6143484562350675,1754526738.613386
A,0.9972683416599291,0.7046746137603885,1754526678.613386
C,0.5082937484306798,0.288841872513963,1754526618.613386
A,0.9337037896783938,0.1724282679042728,1754526558.613386
C,0.18935539588211292,0.378491031017673,1754526498.613386
B,0.27042393436260914,0.4584363560677801,1754526438.613386
C,0.5833184896913671,0.15530922627117294,1754526378.613386
A,0.9312442461026702,0.276889158601743,1754526318.613386
B,0.7695170699850493,0.9985782974445464,1754526258.613386
B,0.2108663079155535,0.8048000443254398,1754526198.613386
B,0.3607611515114578,0.0883186356632325,1754526138.613386
B,0.40566453225288734,0.723766147376553,1754526078.613386
C,0.8631630239786232,0.9315720833088569,1754526018.613386
B,0.502188154957042,0.5284027878368818,1754525958.613386
A,0.10803600684773818,0.7386819114084053,1754525898.613386
C,0.16766641322250586,0.6330821523385659,1754525838.613386
B,0.9100524680431386,0.43337459758469676,1754525778.613386
C,0.8733264090916468,0.718615547994577,1754525718.613386
A,0.6929555819171025,0.22706661431892572,1754525658.613386
B,0.25039352594691466,0.3188221301445253,1754525598.613386
B,0.7434171316746575,0.851902312710976,1754525538.613386
B,0.6717322934774198,0.6776016498802123,1754525478.613386
B,0.4531507931124855,0.8181623012377376,1754525418.613386
B,0.6038506640047876,0.6412097534595216,1754525358.613386
C,0.9116719108190519,0.6602819732161617,1754525298.613386
C,0.33491800660881366,0.35009904616965126,1754525238.613386
B,0.575140486279107,0.2678951107572056,1754525178.613386
B,0.01273797970393542,0.09766689996618694,1754525118.613386
A,0.049520616160314,0.7595104673964629,1754525058.613386
B,0.5145849669103253,0.3523330480791804,1754524998.613386
A,0.011915505691569184,0.19359611011021893,1754524938.613386
B,0.49250993218949757,0.8974485539628247,1754524878.613386
B,0.6552273451451718,0.9891415826809363,1754524818.613386
B,0.1937802447153968,0.9091119384147683,1754524758.613386
A,0.8480708084182245,0.20928831297292028,1754524698.613386
B,0.3793645588669847,0.029192500685123468,1754524638.613386
A,0.3627618764034142,0.9945137977971831,1754524578.613386
B,0.9206434069330117,0.6711913480300076,1754524518.613386
B,0.40511906505657713,0.8344534721583404,1754524458.613386
B,0.10876140173864024,0.6778773356241765,1754524398.613386
B,0.5996048306130831,0.8315622501260614,1754524338.613386
B,0.9340825966244309,0.3408552628643632,1754524278.613386
C,0.32774638528225597,0.8590168989073295,1754524218.613386
C,0.9069471561276873,0.5317605691228029,1754524158.613386
A,0.20574941046735196,0.3720735038085511,1754524098.613386
A,0.5477868078170826,0.7131213122758004,1754524038.613386
C,0.3468164013536632,0.6278698358808704,1754523978.613386
A,0.7011090104461135,0.6669546282261742,1754523918.613386
B,0.664669407458043,0.7654420431259792,1754523858.613386
A,0.3339848980643888,0.8634627750365719,1754523798.613386
B,0.3064467644106943,0.35791866125908367,1754523738.613386
A,0.6918798374390827,0.618399107947809,1754523678.613386
C,0.24233872800306766,0.021182801422411357,1754523618.613386
B,0.9079171200887208,0.01863587496702368,1754523558.613386
C,0.6464715141189602,0.3270565042655439,1754523498.613386
A,0.06417735142983994,0.07834374858316306,1754523438.613386
A,0.4543610721470187,0.7466679462759089,1754523378.613386
A,0.6626849672849671,0.21496648518867834,1754523318.613386
A,0.07443978682806429,0.27235178267519133,1754523258.613386
A,0.20880996980559297,0.766254436250128,1754523198.613386
C,0.006467593518879156,0.29317107439998036,1754523138.613386
A,0.12723129198118543,0.9233374946234082,1754523078.613386
B,0.051933622488993914,0.4947756489589823,1754523018.613386
A,0.6952497317817165,0.7594774301396489,1754522958.613386
B,0.14183567873687142,0.6607417851861287,1754522898.613386
A,0.3101711788004984,0.3163347171388673,1754522838.613386
B,0.044584419180066615,0.6587170379840515,1754522778.613386
A,0.5799476636003327,0.07856353774825098,1754522718.613386
C,0.755983910779155,0.9278395502692699,1754522658.613386
A,0.6596657426397505,0.5934831572093083,1754522598.613386
C,0.9678661382007897,0.9465452717272166,1754522538.613386
B,0.3287889607636575,0.9361305175897704,1754522478.613386
C,0.6592342109883029,0.6829149924226271,1754522418.613386
C,0.7918338055658382,0.5827779382122056,1754522358.613386
C,0.08484747525180225,0.0060187316719619854,1754522298.613386
C,0.8736499756756012,0.2918439048896091,1754522238.613386
B,0.544539383275632,0.3924671626876638,1754522178.613386
B,0.4581769482128708,0.5069169549164136,1754522118.613386
B,0.8298703055969088,0.7410045053691886,1754522058.613386
C,0.3078799387837433,0.9536069999140226,1754521998.613386
B,0.039860290034028134,0.5483123005424025,1754521938.613386
C,0.1910741958499177,0.9994533999595362,1754521878.613386
A,0.3816288714165007,0.10327002952291242,1754521818.613386
B,0.6008948733119256,0.2697360185367663,1754521758.613386
A,0.5707943496988676,0.3925318922552844,1754521698.613386
B,0.5049381129690064,0.4624789551866315,1754521638.613386
B,0.5818643632795615,0.07668352151718039,1754521578.613386
C,0.3037504623712193,0.4770503023282697,1754521518.613386
A,0.6809974041156237,0.06338295171653685,1754521458.613386
B,0.9444771341513478,0.5557130021097779,1754521398.613386
C,0.5005122274430114,0.7238028482334721,1754521338.613386
C,0.6022563400669368,0.3820688758775529,1754521278.613386
C,0.7602556460394139,0.7773589953206276,1754521218.613386
C,0.9744705651178662,0.7354184805364753,1754521158.613386
C,0.7962739884960898,0.3680821802414904,1754521098.613386
C,0.9863103611098847,0.8929355670398147,1754521038.613386
C,0.006126921901103977,0.777413220123447,1754520978.613386
C,0.881546990007009,0.5557501084377485,1754520918.613386
A,0.7200991329402835,0.7672409275260269,1754520858.613386
A,0.8785038115055035,0.06698002109611934,1754520798.613386
C,0.06964110900665121,0.7242840956109945,1754520738.613386
A,0.07522886375255311,0.3698199502174552,1754520678.613386
C,0.2743128363307247,0.15079146877835548,1754520618.613386
C,0.8147210441182403,0.276395169444582,1754520558.613386
C,0.5537834627949061,0.49624281526717096,1754520498.613386
B,0.9333688100531652,0.6638418658337777,1754520438.613386
C,0.7828678361854509,0.9161484237965456,1754520378.613386
C,0.48415922958236834,0.7578794143114786,1754520318.613386
A,0.9756213562472452,0.4473486748224139,1754520258.613386
C,0.041896824535374466,0.9679093247433297,1754520198.613386
C,0.17726352789519384,0.6815880496938075,1754520138.613386
A,0.7598368580611744,0.0009180306740946831,1754520078.613386
B,0.7742994410884294,0.9128198146303593,1754520018.613386
B,0.6036775475120165,0.5953590782707281,1754519958.613386
B,0.5359310275889329,0.7816391384931721,1754519898.613386
C,0.9525248362725343,0.7721954516207691,1754519838.613386
A,0.5003272552071594,0.25888616608660897,1754519778.613386
C,0.3968315384780875,0.9929185307015289,1754519718.613386
C,0.17642585535237276,0.9082295896138036,1754519658.613386
A,0.16610531561894482,0.6512648227547062,1754519598.613386
A,0.4142038756694414,0.8759995009312844,1754519538.613386
C,0.316721092048174,0.20302447931774492,1754519478.613386
C,0.4953559834402297,0.5311644717629753,1754519418.613386
B,0.48018748572764725,0.5498224677240194,1754519358.613386
A,0.9192465026721348,0.7104538795043226,1754519298.613386
A,0.5286925564239341,0.8162114591471018,1754519238.613386
C,0.33835707086211,0.5354407167616734,1754519178.613386
A,0.8538621752116099,0.8262749611270722,1754519118.613386
A,0.17577635185037832,0.4007850646037384,1754519058.613386
A,0.439585791611795,0.28251451397041316,1754518998.613386
C,0.014522363245323855,0.9744408301303454,1754518938.613386
C,0.40779643015633593,0.5436936129257534,1754518878.613386
A,0.7248384630746398,0.2603776480289075,1754518818.613386
C,0.36159497901468085,0.3171662552632101,1754518758.613386
A,0.2407872053094603,0.5193190534609918,1754518698.613386
A,0.02355947597876984,0.7107032236938463,1754518638.613386
B,0.8962967726581702,0.16300226528793038,1754518578.613386
C,0.35319962541554917,0.11727711295354848,1754518518.613386
A,0.46850848881724827,0.09477864653402812,1754518458.613386
C,0.013204326518773346,0.005822244457932668,1754518398.613386
A,0.9829360546907242,0.01676929701668539,1754518338.613386
C,0.40328596222700486,0.14916811758342796,1754518278.613386
C,0.943146592637642,0.04785027286709509,1754518218.613386
B,0.06664867741645164,0.21962446530206836,1754518158.613386
C,0.09316812269418928,0.13653939634094958,1754518098.613386
B,0.9712871909860424,0.40610036797813576,1754518038.613386
C,0.5529699498158481,0.19384485770066318,1754517978.613386
B,0.9846214774201751,0.5402670935574876,1754517918.613386
A,0.2943158396643928,0.8467674997730769,1754517858.613386
B,0.17448100906727748,0.6923033605508769,1754517798.613386
B,0.05791258162779256,0.08787431993640404,1754517738.613386
A,0.18688050682011748,0.7606475174797278,1754517678.613386
B,0.9155570086835183,0.4828974412132512,1754517618.613386
A,0.30117437492280286,0.07064417036763326,1754517558.613386
A,0.6295891564205885,0.36379334236836003,1754517498.613386
C,0.049659900516267674,0.45418186917944603,1754517438.613386
B,0.15107899954621318,0.06539566560787713,1754517378.613386
C,0.2559064010137725,0.850857587050124,1754517318.613386
A,0.6340814447420551,0.8393342839951358,1754517258.613386
A,0.37493432023300544,0.3678944951557259,1754517198.613386
A,0.7932200092600996,0.6536134954610809,1754517138.613386
C,0.2845139000126423,0.7625211030210968,1754517078.613386
C,0.2035353785165085,0.7411963779323999,1754517018.613386
C,0.0759659743670934,0.7169458320926542,1754516958.613386
A,0.1182023860314797,0.19925814434220357,1754516898.613386
A,0.71920383113531,0.9816212906843695,1754516838.613386
B,0.6309670766297665,0.37815584086342147,1754516778.613386
B,0.8015258305498203,0.2821298249791194,1754516718.613386
A,0.25598161013671505,0.26070223164194617,1754516658.613386
C,0.8461786567589545,0.9155415583551233,1754516598.613386
A,0.06847796203710232,0.19318189861724433,1754516538.613386
B,0.13411504266578322,0.8921275486934764,1754516478.613386
A,0.2059769902032933,0.2517463040785851,1754516418.613386
C,0.9434871392248798,0.02243962542292266,1754516358.613386
B,0.1367724033753649,0.20721189295282938,1754516298.613386
B,0.13182062018848129,0.5309995032807694,1754516238.613386
C,0.3152749521761238,0.6143654408873495,1754516178.613386
C,0.25970932792267964,0.7265901259586727,1754516118.613386
A,0.08070864529172117,0.1834792470620633,1754516058.613386
B,0.741456225348191,0.2771514497847355,1754515998.613386
A,0.8698406353353362,0.38328305159167086,1754515938.613386
A,0.5822091199456726,0.026535930691863885,1754515878.613386
B,0.20176701794123553,0.23567713444990845,1754515818.613386
B,0.5311687186787354,0.6030763384111054,1754515758.613386
A,0.529617527608761,0.8354044378275374,1754515698.613386
A,0.3582322491482789,0.4240153025573883,1754515638.613386
A,0.19186673313513558,0.4508102857656694,1754515578.613386
B,0.569157998349636,0.30117206821868414,1754515518.613386
A,0.2825041457100099,0.8810577280827984,1754515458.613386
C,0.21579698324445362,0.6911926704176254,1754515398.613386
C,0.49289638597628793,0.10367736319759469,1754515338.613386
B,0.6449309034821836,0.1557491259898608,1754515278.613386
B,0.19980178120083802,0.3731387436180269,1754515218.613386
C,0.6008403509719542,0.9669017020300329,1754515158.613386
B,0.8066380720591161,0.6727615464602604,1754515098.613386
B,0.76461846158066,0.37533974437993756,1754515038.613386
A,0.756643156733325,0.7403082109546808,1754514978.613386
B,0.16643764168986042,0.6620052453397564,1754514918.613386
A,0.5638792434145116,0.47577730177194466,1754514858.613386
A,0.11631627000868439,0.8588457131320056,1754514798.613386
B,0.7322600207944355,0.30612834967137503,1754514738.613386
C,0.4018514231704471,0.6513650732799248,1754514678.613386
B,0.6634933257599244,0.32835480685469554,1754514618.613386
B,0.03836172333985244,0.6478684865989713,1754514558.613386
A,0.9617584817971564,0.2321885217422267,1754514498.613386
A,0.8125830316442125,0.9213305763212091,1754514438.613386
B,0.23190131969781114,0.6023002349315637,1754514378.613386
C,0.4743560949961483,0.9214028647576025,1754514318.613386
C,0.9659893545934201,0.4435615684042191,1754514258.613386
C,0.17983483498844055,0.08436381325754794,1754514198.613386
A,0.01207753501465969,0.43407449878007376,1754514138.613386
A,0.13689982779392895,0.16767905591439258,1754514078.613386
B,0.17338225421611386,0.7765026025767303,1754514018.613386
B,0.967833402164824,0.413074656745692,1754513958.613386
B,0.06660930604365634,0.046813933658768514,1754513898.613386
C,0.8646247481750504,0.26489409991692536,1754513838.613386
C,0.3443447526448081,0.09652118167610035,1754513778.613386
C,0.948250729790831,0.9458653905348905,1754513718.613386
C,0.9214101785138521,0.011865381897109839,1754513658.613386
C,0.8359433160691893,0.664876448874708,1754513598.613386
B,0.1311087528568644,0.9108276977030121,1754513538.613386
B,0.5906275623766846,0.8668287352968025,1754513478.613386
C,0.6734298719364975,0.5585346249902597,1754513418.613386
C,0.06249549755774042,0.13802528471019115,1754513358.613386
C,0.33595708784461487,0.6645596436539183,1754513298.613386
C,0.2907889274417209,0.540935492601523,1754513238.613386
A,0.11007992418024637,0.0027354776588283114,1754513178.613386
A,0.3858110582393872,0.08790502212975027,1754513118.613386
A,0.3016094996258206,0.09667700744648611,1754513058.613386
B,0.9955000984786678,0.8927711545688727,1754512998.613386
C,0.24749316720605985,0.028528646998166263,1754512938.613386
A,0.23064608572595757,0.8380138567348511,1754512878.613386
A,0.1251484780910005,0.04559499230754149,1754512818.613386
B,0.030661841156374714,0.19224487248519606,1754512758.613386
B,0.5029529927627229,0.6533399069895379,1754512698.613386
C,0.6490541425888543,0.0006218491852851837,1754512638.613386
A,0.39581009682351653,0.30416821398413907,1754512578.613386
C,0.754941803066272,0.21790365805842216,1754512518.613386
B,0.9086504386531961,0.6467378015395449,1754512458.613386
B,0.815545840094017,0.24016313276576107,1754512398.613386
A,0.818857266167354,0.679858825562773,1754512338.613386
A,0.6755200376479207,0.3476067657434002,1754512278.613386
C,0.014828932204146938,0.1937183569012524,1754512218.613386
B,0.8463442375322033,0.5705166846863229,1754512158.613386
B,0.6868679828106189,0.7577528179336783,1754512098.613386
C,0.9005898831728774,0.9627531054098402,1754512038.613386
C,0.6055479697604109,0.9135289898767052,1754511978.613386
B,0.2080954429730144,0.7949928452945922,1754511918.613386
C,0.9182036651609241,0.854801548840121,1754511858.613386
B,0.717482852961685,0.9579492315944076,1754511798.613386
A,0.6293445293652293,0.1096739564115018,1754511738.613386
B,0.4363826060572944,0.8017557840751359,1754511678.613386
A,0.08008553834817123,0.8369220070916339,1754511618.613386
A,0.44153742477594904,0.22257199889148382,1754511558.613386
C,0.127374247869675,0.05161087231371564,1754511498.613386
B,0.17023806014299303,0.46521084446713135,1754511438.613386
B,0.041771143952720746,0.5409358876624386,1754511378.613386
A,0.12434995223534095,0.012081064337586489,1754511318.613386
B,0.5874635487470474,0.1246867371400433,1754511258.613386
B,0.1753959781835185,0.21278960667821667,1754511198.613386
B,0.8946862418206373,0.7785514747823179,1754511138.613386
C,0.21615221275500995,0.3145398452933177,1754511078.613386
A,0.6456305229695233,0.30127297300808065,1754511018.613386
A,0.6450109934129723,0.45472159719997407,1754510958.613386
B,0.07250390716189192,0.2720939111470988,1754510898.613386
B,0.5353096817422471,0.4966486123562055,1754510838.613386
C,0.3947972422733218,0.9158250998412866,1754510778.613386
C,0.27524382008841863,0.7053886263397654,1754510718.613386
B,0.9035351839356691,0.11407216070994963,1754510658.613386
B,0.3650501966395405,0.9027073221664352,1754510598.613386
B,0.5026402630112318,0.20992520791920743,1754510538.613386
B,0.5252479597648962,0.947462518894349,1754510478.613386
B,0.4903898395100076,0.9337839751655798,1754510418.613386
B,0.6059765994730743,0.46127441100798805,1754510358.613386
B,0.022112755325293332,0.9805994686629139,1754510298.613386
C,0.44354201635741863,0.8740088661819007,1754510238.613386
C,0.5917986169765664,0.2081884140084056,1754510178.613386
C,0.7444487870379232,0.756333886641553,1754510118.613386
B,0.7464191801119636,0.024792443380516893,1754510058.613386
B,0.9365411603071719,0.0903720781273456,1754509998.613386
B,0.9415574003413539,0.573045823594424,1754509938.613386
A,0.3830886517318204,0.5836852540604126,1754509878.613386
A,0.6838920499517362,0.6311970442098962,1754509818.613386
C,0.39083154459350333,0.9254089420987973,1754509758.613386
B,0.39538463749800457,0.1484382718026468,1754509698.613386
A,0.25738591914280184,0.9802163078941236,1754509638.613386
B,0.08772729681637081,0.1995390189580456,1754509578.613386
B,0.7769102264263896,0.5032326764869547,1754509518.613386
B,0.07979792464651703,0.7280448035727005,1754509458.613386
C,0.13609848656384527,0.7442628541253508,1754509398.613386
B,0.5592783755497187,0.5908108999407313,1754509338.613386
B,0.0555679063078377,0.45680383497267585,1754509278.613386
B,0.4492725667475166,0.2614942113072549,1754509218.613386
B,0.37069588175839363,0.8971930931159648,1754509158.613386
C,0.36519455220298347,0.413975075354011,1754509098.613386
C,0.9949814244651136,0.7831965972442617,1754509038.613386
B,0.9735041010796237,0.5540494636612521,1754508978.613386
C,0.673649989818297,0.5136915160617068,1754508918.613386
A,0.5619802730939679,0.15834360041075346,1754508858.613386
A,0.5606357088266924,0.5893656736249303,1754508798.613386
B,0.09877632003169756,0.5951499634486077,1754508738.613386
A,0.9366946846679755,0.7669194383098471,1754508678.613386
A,0.082392443795543,0.13254551561070083,1754508618.613386
B,0.8058836461339065,0.7776191548115605,1754508558.613386
C,0.4985491458616985,0.5981313921111261,1754508498.613386
C,0.7956491948476504,0.023556030098250136,1754508438.613386
B,0.8395964802382085,0.6683903893715689,1754508378.613386
B,0.6302868177387295,0.9925024162921373,1754508318.613386
C,0.6757006509571926,0.27912848081088004,1754508258.613386
C,0.1792495169999786,0.9908652775278963,1754508198.613386
B,0.8484183327140942,0.9864898737485079,1754508138.613386
A,0.691939139834036,0.07456672408251053,1754508078.613386
A,0.7363491660622595,0.5750195589813668,1754508018.613386
A,0.9613488346710298,0.05681397958805279,1754507958.613386
B,0.5624387884215302,0.6883033900854072,1754507898.613386
A,0.42700813018252803,0.12453613690708032,1754507838.613386
A,0.6045111093933152,0.7100074300273722,1754507778.613386
B,0.15210831102095612,0.18877386589100553,1754507718.613386
A,0.5441916289708754,0.3746550232773833,1754507658.613386
A,0.10320489780112396,0.8141121324302835,1754507598.613386
A,0.8069289159800556,0.8674852611616285,1754507538.613386
B,0.21537290337883908,0.7129225967022258,1754507478.613386
C,0.7870085320512815,0.7908564300639984,1754507418.613386
C,0.7029372774162372,0.8170463773613056,1754507358.613386
B,0.10752135394625673,0.6381226826136688,1754507298.613386
C,0.8408081503665027,0.27953897178317444,1754507238.613386
A,0.12565729491774114,0.8700639200538159,1754507178.613386
C,0.7463641508020386,0.9343384990952435,1754507118.613386
B,0.09295565517172144,0.5814458616163304,1754507058.613386
C,0.20998340854380937,0.042607736879798686,1754506998.613386
A,0.1446046739768403,0.7492643666363737,1754506938.613386
A,0.7460001121121379,0.39514093457501753,1754506878.613386
C,0.18260939378755947,0.21915097893451174,1754506818.613386
B,0.006500904245537509,0.10943339101312943,1754506758.613386
B,0.2843897453023789,0.406486227331718,1754506698.613386
A,0.0038114335007604083,0.7922322133810444,1754506638.613386
C,0.9714541655296388,0.8299164747441876,1754506578.613386
C,0.5139664777437414,0.41469058383059787,1754506518.613386
B,0.35731222411131647,0.2409349879654905,1754506458.613386
B,0.27329909131802277,0.2841805413300682,1754506398.613386
B,0.9022436997341712,0.4764076078372983,1754506338.613386
C,0.5996070945963405,0.8747628103195982,1754506278.613386
A,0.22360143595270443,0.7689864579230488,1754506218.613386
B,0.970340535647269,0.5802512839349696,1754506158.613386
C,0.21514896886175072,0.5933420471758728,1754506098.613386
C,0.915629661455742,0.7856088580613204,1754506038.613386
C,0.6693843275882078,0.1183824281265532,1754505978.613386
A,0.4861959214920131,0.28410329203346396,1754505918.613386
C,0.8363944830287829,0.3133548172668843,1754505858.613386
B,0.4121251631591629,0.9675352309181152,1754505798.613386
B,0.7217675697125616,0.6766216819624219,1754505738.613386
B,0.5131768453644814,0.7908566310191841,1754505678.613386
A,0.9175405148909436,0.9327866349461768,1754505618.613386
A,0.11823641681470631,0.13912538251265127,1754505558.613386
C,0.8357965716351098,0.7066581748827091,1754505498.613386
C,0.7389021483796394,0.3447729960571819,1754505438.613386
C,0.3778708758078616,0.7017150798618197,1754505378.613386
C,0.5224065146744225,0.6416860790653324,1754505318.613386
B,0.8159527689244485,0.7589853500904099,1754505258.613386
A,0.45857016948330753,0.011594589918124676,1754505198.613386
A,0.5121509911544755,0.18856686192142413,1754505138.613386
C,0.3381287228960703,0.9314041658207312,1754505078.613386
A,0.45311637790055115,0.694442062834663,1754505018.613386
C,0.5385226071092206,0.30671000572058393,1754504958.613386
C,0.035116828154865276,0.5653581465400157,1754504898.613386
B,0.6467950568886018,0.5339526026939189,1754504838.613386
A,0.577610866189714,0.09020261107884653,1754504778.613386
A,0.21642939428661345,0.5279609283810092,1754504718.613386
A,0.06121476874414744,0.4786136872422897,1754504658.613386
B,0.2033243909424588,0.5944245290484975,1754504598.613386
A,0.04264494211188863,0.946514219811807,1754504538.613386
C,0.16991823319745203,0.9534303063072749,1754504478.613386
A,0.42612912367770317,0.27884075414748277,1754504418.613386
C,0.8351636915016255,0.18008754800258298,1754504358.613386
A,0.5217677260360468,0.632446863528432,1754504298.613386
B,0.41590036871949676,0.6072656511985823,1754504238.613386
A,0.27124979966609686,0.38843356180294564,1754504178.613386
A,0.2675950281547572,0.014763967581169157,1754504118.613386
A,0.9399039150653912,0.5062624993757077,1754504058.613386
C,0.08537675916229859,0.7815951570582517,1754503998.613386
C,0.4021712862841842,0.7413650174696612,1754503938.613386
A,0.4488399171547115,0.7373250197000143,1754503878.613386
C,0.23418450147517245,0.37551739376908977,1754503818.613386
A,0.08343663374535293,0.8772303444600434,1754503758.613386
B,0.9138826344229397,0.681354977771825,1754503698.613386
C,0.23589830984541027,0.18154564462007516,1754503638.613386
A,0.0739971496941404,0.8451279899864917,1754503578.613386
A,0.8170443753304625,0.8551221621026237,1754503518.613386
C,0.6264678799421227,0.17041544437280487,1754503458.613386
B,0.36907439641630824,0.4716727063029579,1754503398.613386
C,0.2424478497797644,0.7885251343262342,1754503338.613386
B,0.7152671602672739,0.2050721294889324,1754503278.613386
A,0.5027039009699543,0.671482061583962,1754503218.613386
A,0.5053007255498766,0.1990903674934913,1754503158.613386
B,0.630965798458603,0.5344922555861867,1754503098.613386
B,0.22770304220060278,0.6981730409101964,1754503038.613386
A,0.2185111625998638,0.2511803331491238,1754502978.613386
C,0.9066563162301917,0.20342618560322157,1754502918.613386
C,0.8498031238035206,0.04920524032150775,1754502858.613386
A,0.41828627194583223,0.05874217872534837,1754502798.613386
B,0.09926763657770243,0.3560660293297525,1754502738.613386
A,0.6107110892988781,0.013193639516483113,1754502678.613386
A,0.6599875743717087,0.41448474103371813,1754502618.613386
A,0.2914507153699043,0.37976121042081257,1754502558.613386
C,0.5082483151401803,0.23288227345343748,1754502498.613386
C,0.7088671175304253,0.5321929869351626,1754502438.613386
A,0.03690515673263883,0.8349174970534677,1754502378.613386
B,0.16365901751594492,0.23863031860046258,1754502318.613386
B,0.4393194576537607,0.07574108152522863,1754502258.613386
C,0.9718944483746043,0.9834159867655752,1754502198.613386
B,0.6671641956250584,0.9550219889543587,1754502138.613386
B,0.02852603805202092,0.6412493644214137,1754502078.613386
A,0.5689892649309269,0.6250097329957668,1754502018.613386
C,0.1823616450163591,0.1419565096869555,1754501958.613386
A,0.1432591292429911,0.00785043480515113,1754501898.613386
B,0.6723666438842133,0.930864837706265,1754501838.613386
C,0.4956282916475987,0.013394366662075274,1754501778.613386
A,0.14436538037782476,0.2180418035113526,1754501718.613386
C,0.710631403459609,0.832435429353845,1754501658.613386
B,0.745203427412992,0.5819168857324994,1754501598.613386
C,0.4903666164639974,0.18369024046218674,1754501538.613386
C,0.6244970874907652,0.8669038584178694,1754501478.613386
B,0.8429128473054018,0.6270605795944122,1754501418.613386
B,0.8054960537597714,0.24173069133356095,1754501358.613386
A,0.7020912919868212,0.8031269879298591,1754501298.613386
A,0.43633139329356097,0.8495014042475287,1754501238.613386
C,0.8002301928867943,0.9622820239894816,1754501178.613386
A,0.1594563317964126,0.03741897191161736,1754501118.613386
B,0.9628450318109171,0.260319081499902,1754501058.613386
B,0.7673030868890759,0.3330002633709761,1754500998.613386
C,0.4801192052137164,0.18636620121452963,1754500938.613386
B,0.9928638899109441,0.6950197840425691,1754500878.613386
A,0.857316385628678,0.3052433090593083,1754500818.613386
B,0.7513659210662129,0.04320840922532121,1754500758.613386
B,0.8241013432592694,0.204419335064154,1754500698.613386
C,0.12164844152016785,0.2757393286379888,1754500638.613386
A,0.3194261106461064,0.308895795307097,1754500578.613386
C,0.23475368719381162,0.747139165194609,1754500518.613386
A,0.6043646621827196,0.09788095216503634,1754500458.613386
A,0.9405898641279167,0.44498978561917524,1754500398.613386
B,0.817170348353604,0.20488618619660848,1754500338.613386
B,0.3580282956293006,0.2863040573381648,1754500278.613386
C,0.8319601127768578,0.06487846204073489,1754500218.613386
C,0.8717708127828704,0.8473571598776729,1754500158.613386
A,0.5787363235199939,0.25928440280401865,1754500098.613386
B,0.07410807570807298,0.8257766291591873,1754500038.613386
C,0.9447425800944566,0.6348186830165922,1754499978.613386
C,0.442478950462449,0.47431431380889155,1754499918.613386
C,0.6205559507648941,0.10556792126709325,1754499858.613386
A,0.1699813258819085,0.3612777119822814,1754499798.613386
A,0.8354225724972741,0.05401903699900923,1754499738.613386
A,0.19091787794809434,0.15559065109039272,1754499678.613386
C,0.07128964587250408,0.7344676030909391,1754499618.613386
B,0.8461265101383717,0.2516374043410251,1754499558.613386
A,0.1159814620491102,0.8476933821946634,1754499498.613386
C,0.6829506886758479,0.2896633779889435,1754499438.613386
C,0.4043340702832796,0.6114904232155791,1754499378.613386
B,0.28876523316373404,0.051377517688804386,1754499318.613386
A,0.20090331380126059,0.30085190255526506,1754499258.613386
B,0.07727683800657215,0.09634097011551357,1754499198.613386
C,0.08936896790520499,0.6837805148342996,1754499138.613386
C,0.3025844757992556,0.9504231685163929,1754499078.613386
B,0.5582419122278055,0.8432719366904692,1754499018.613386
B,0.22906902851634225,0.6846184308884222,1754498958.613386
C,0.5267769893052299,0.6233421400334471,1754498898.613386
C,0.3266679251920672,0.5044959747512954,1754498838.613386
C,0.044345424535849554,0.7061355213118216,1754498778.613386
C,0.32619039762374136,0.795801906220868,1754498718.613386
B,0.5727888851253266,0.9996949544655901,1754498658.613386
B,0.14376972720256098,0.9733177899660965,1754498598.613386
C,0.07012240548944637,0.9797971809715271,1754498538.613386
B,0.7550368080729664,0.7270137788766602,1754498478.613386
A,0.9076892622297845,0.2492945647720538,1754498418.613386
B,0.20553777197961565,0.6413149071733688,1754498358.613386
A,0.824629605915526,0.22892927961819542,1754498298.613386
C,0.22270426530058418,0.5008773407591408,1754498238.613386
C,0.5812734639690312,0.6653150355251057,1754498178.613386
C,0.930176431476743,0.6532789551612255,1754498118.613386
C,0.5336463435685433,0.25891009703824386,1754498058.613386
A,0.9781886313428773,0.5064900942038145,1754497998.613386
C,0.6833799919178922,0.9129032890150349,1754497938.613386
C,0.2557994096199162,0.853073534410174,1754497878.613386
C,0.8515124774207652,0.33897385079732534,1754497818.613386
A,0.6704084490052227,0.4637098303483218,1754497758.613386
A,0.8031910438450405,0.6591564738251928,1754497698.613386
A,0.18668195118639141,0.6066427625667612,1754497638.613386
B,0.9840020310628462,0.6185636249135953,1754497578.613386
C,0.5796064287572057,0.45383945609961807,1754497518.613386
C,0.7378431983080661,0.1103744609696754,1754497458.613386
B,0.037860354808180285,0.5521359319177633,1754497398.613386
A,0.024236668291809482,0.8249967297959003,1754497338.613386
A,0.11874359845696036,0.8962592398444019,1754497278.613386
C,0.861385529443603,0.783982520546828,1754497218.613386
C,0.5761392974377277,0.043276382639180766,1754497158.613386
A,0.13627816607414134,0.4927428460920976,1754497098.613386
B,0.9664991794330959,0.4509008309529351,1754497038.613386
A,0.6517082090752012,0.8394299695019807,1754496978.613386
C,0.6875947472174696,0.021599341281545836,1754496918.613386
C,0.9730093519394963,0.13662099093660607,1754496858.613386
C,0.14961491856319054,0.5778608133044517,1754496798.613386
A,0.5378570688086833,0.7045677494955146,1754496738.613386
A,0.05779426484057282,0.5479118247260857,1754496678.613386
C,0.1433546170716804,0.8801265983278906,1754496618.613386
C,0.23707448128273034,0.742312398199962,1754496558.613386
C,0.10492946901898403,0.6574538872380661,1754496498.613386
A,0.8813184032633107,0.34628928879337784,1754496438.613386
A,0.7501578578438962,0.9059387005351291,1754496378.613386
A,0.6321590086651195,0.5656838452079361,1754496318.613386
A,0.5290696455063788,0.5106715663050532,1754496258.613386
B,0.8192125764453749,0.6537066770164324,1754496198.613386
C,0.1260178248150874,0.7839634787850362,1754496138.613386
C,0.704739764743887,0.41293039344607196,1754496078.613386
C,0.7498744729428585,0.7673951488807133,1754496018.613386
A,0.6336217545631131,0.7790317917774233,1754495958.613386
C,0.9223411671565941,0.35952751805690897,1754495898.613386
C,0.20744457646173176,0.7116731393047244,1754495838.613386
A,0.3444560237695373,0.8300511631582352,1754495778.613386
B,0.882754054728641,0.4374820040217542,1754495718.613386
A,0.7217984282308242,0.681188442630929,1754495658.613386
C,0.8888068558940672,0.7824435937274716,1754495598.613386
B,0.21246997087617414,0.35560340031551374,1754495538.613386
A,0.7512743921316402,0.9868159653512906,1754495478.613386
A,0.4814661861672308,0.49676255806776504,1754495418.613386
A,0.9148577521387111,0.49706367642455684,1754495358.613386
B,0.4825106876867358,0.8594324730173168,1754495298.613386
C,0.4961763515395743,0.548304262379945,1754495238.613386
C,0.10588443685388305,0.3016034735770925,1754495178.613386
A,0.19054330790377894,0.5648308556265428,1754495118.613386
B,0.733017085523436,0.0692516418522171,1754495058.613386
A,0.8139984996856579,0.4617970370735722,1754494998.613386
B,0.679973713273147,0.6918267211079363,1754494938.613386
B,0.5422921439985018,0.25125043108336564,1754494878.613386
A,0.7181696755135021,0.5208610404426004,1754494818.613386
B,0.2772254177919916,0.8046746778496999,1754494758.613386
C,0.19069467460823042,0.21662880696403009,1754494698.613386
B,0.8323638406518468,0.07002984733556339,1754494638.613386
B,0.6708513240908683,0.6021092493537014,1754494578.613386
C,0.8468642050010092,0.3977357478708474,1754494518.613386
C,0.5217080176332355,0.6694827735269225,1754494458.613386
A,0.603062278764454,0.11740674112599225,1754494398.613386
A,0.21711911621363933,0.7505923143664235,1754494338.613386
C,0.8206984734739861,0.819002885069075,1754494278.613386
B,0.20024823291653526,0.9763351934697689,1754494218.613386
A,0.6107300836383086,0.06344883203039364,1754494158.613386
C,0.026204630511353466,0.6498387490995634,1754494098.613386
A,0.24970058447243515,0.5917575992577512,1754494038.613386
C,0.5892515575780528,0.5763188190766093,1754493978.613386
A,0.36806495005184325,0.9408503263391583,1754493918.613386
A,0.3176335075068174,0.5560827783924702,1754493858.613386
A,0.6523702896424322,0.0679744651310551,1754493798.613386
B,0.2440742058593166,0.3935047952198122,1754493738.613386
A,0.6141271488900494,0.1375531780192396,1754493678.613386
C,0.1568810533395879,0.12297902179408515,1754493618.613386
C,0.4328039423010971,0.9398332856618983,1754493558.613386
C,0.7059995475342151,0.2534623123448122,1754493498.613386
C,0.5282335742656896,0.34120877235875013,1754493438.613386
B,0.6139917619129511,0.26558584879111746,1754493378.613386
A,0.11263970939931156,0.6339583842515427,1754493318.613386
A,0.42877082535107236,0.8153372144094433,1754493258.613386
A,0.6449783046767132,0.1773868010504479,1754493198.613386
A,0.08965876047860533,0.5223440587854598,1754493138.613386
B,0.06553849313682203,0.09708418133325969,1754493078.613386
C,0.5066263439546793,0.35517121636534477,1754493018.613386
A,0.27638433560411213,0.24079335407172975,1754492958.613386
C,0.2386585655281438,0.1537808840159961,1754492898.613386
A,0.9521700436864234,0.542494439605497,1754492838.613386
C,0.8644541319368839,0.3597107988067515,1754492778.613386
A,0.463706977876829,0.8029348217157962,1754492718.613386
C,0.3978940744947186,0.028033394776538878,1754492658.613386
C,0.3900241675564575,0.45223665361225873,1754492598.613386
A,0.6615633646185434,0.8636856678460474,1754492538.613386
B,0.6512103404566882,0.4449240897261796,1754492478.613386
B,0.4365883788257382,0.5551038039111257,1754492418.613386
C,0.8458212567123184,0.03200282615967964,1754492358.613386
B,0.22275022589235405,0.5990415122604491,1754492298.613386
B,0.07014946922031262,0.6192276426521862,1754492238.613386
C,0.6647628304254621,0.5451833802052164,1754492178.613386
C,0.5245415610956122,0.11755482048626775,1754492118.613386
B,0.09293049454394031,0.6218067168808351,1754492058.613386
A,0.3463287391204254,0.6451092542457202,1754491998.613386
B,0.5829620576890795,0.5569901119256107,1754491938.613386
C,0.5204509806473241,0.12352660429227169,1754491878.613386
B,0.6484638624001738,0.9478299723827411,1754491818.613386
A,0.8850480654198023,0.8669111148610915,1754491758.613386
A,0.6525562832014692,0.006651524634215256,1754491698.613386
C,0.13117553457713949,0.7738585251937711,1754491638.613386
B,0.8094026699378806,0.211193007989934,1754491578.613386
C,0.2569793633557427,0.2229064706883752,1754491518.613386
A,0.8201964342065947,0.4086207615911095,1754491458.613386
A,0.8834912416210827,0.9955347634792228,1754491398.613386
C,0.5925930470255583,0.7765126427427933,1754491338.613386
C,0.43968579489822557,0.5381975458686787,1754491278.613386
C,0.2988943680120234,0.4912424138740027,1754491218.613386
A,0.2011959543107671,0.21078699514742172,1754491158.613386
C,0.10530357589913442,0.06473053518154204,1754491098.613386
B,0.07360230540080637,0.9622307742907128,1754491038.613386
B,0.5066669524934028,0.3380301386517791,1754490978.613386
B,0.5847939250379162,0.9630517890437247,1754490918.613386
A,0.9069683082070642,0.364867741340001,1754490858.613386
A,0.13518315228140776,0.5989123478691125,1754490798.613386
B,0.9751621308608749,0.6027021652331168,1754490738.613386
B,0.8709360593700723,0.5675573105816463,1754490678.613386
B,0.3728081030721354,0.4073933536447051,1754490618.613386
A,0.9303726663642499,0.2205517272842965,1754490558.613386
A,0.4473539789514166,0.8645930932515978,1754490498.613386
A,0.3162078051051853,0.47568949761948764,1754490438.613386
A,0.3651129164443555,0.7994024420060066,1754490378.613386
B,0.40828975330518724,0.4388729349131413,1754490318.613386
B,0.31286140976029597,0.5120971573744726,1754490258.613386
B,0.8043118796255124,0.5168253176409188,1754490198.613386
A,0.8759458055098538,0.38036586123713345,1754490138.613386
B,0.29350830061170685,0.4972097533375174,1754490078.613386
C,0.6907131552823618,0.5583219322330522,1754490018.613386
B,0.41060801515119416,0.2503359063594107,1754489958.613386
A,0.7215186350451998,0.3310943304488265,1754489898.613386
B,0.8081804724521369,0.7173254073686619,1754489838.613386
B,0.32453868944687414,0.13997562940317387,1754489778.613386
B,0.6821331606355052,0.8630339120933646,1754489718.613386
B,0.7529579381214401,0.8489106687191016,1754489658.613386
C,0.08726859201019299,0.6117764382492394,1754489598.613386
C,0.5154094740591241,0.7781240306932569,1754489538.613386
C,0.31841752475137974,0.39479898392142065,1754489478.613386
B,0.5228177040731194,0.9432411559119024,1754489418.613386
B,0.6350217009617211,0.7415660258266862,1754489358.613386
A,0.9648067954671821,0.8169091624538675,1754489298.613386
A,0.8599557347075842,0.8199727781526801,1754489238.613386
B,0.5504558365247321,0.4541806797277015,1754489178.613386
B,0.5603563726061322,0.8248626456548931,1754489118.613386
C,0.2240838559094661,0.015437959794675993,1754489058.613386
B,0.6998244820590196,0.7781417369675503,1754488998.613386
C,0.6542507951888956,0.24721230425184737,1754488938.613386
B,0.1365504463974394,0.8978611395365684,1754488878.613386
B,0.18690459815837712,0.6126834608200757,1754488818.613386
A,0.5895251810237703,0.5717419026670455,1754488758.613386
C,0.42959445151866416,0.9897800293866464,1754488698.613386
C,0.5358828756039846,0.0395992689564032,1754488638.613386
B,0.1542455182106628,0.036775423143411756,1754488578.613386
A,0.8677498764851548,0.7923589181479832,1754488518.613386
C,0.6307222671278173,0.46278610057828296,1754488458.613386
A,0.765111731516746,0.024267808775706445,1754488398.613386
B,0.5818019614788345,0.5599206845365229,1754488338.613386
B,0.1035391173486162,0.5967499633295672,1754488278.613386
C,0.29507757658906275,0.9347257441078178,1754488218.613386
C,0.6718618959113599,0.057439108701962116,1754488158.613386
C,0.9438507959590575,0.8384852144243844,1754488098.613386
C,0.11827454208412336,0.7176201942348812,1754488038.613386
B,0.8629054940242569,0.006938629317260303,1754487978.613386
C,0.10009227496073736,0.19212058928424824,1754487918.613386
C,0.4542083646690215,0.8299329416933611,1754487858.613386
C,0.9882603766099504,0.5246537735671764,1754487798.613386
B,0.5148906047589118,0.7786194971475601,1754487738.613386
B,0.44235917609420583,0.159501870859991,1754487678.613386
C,0.7105480145631622,0.47643703318885755,1754487618.613386
C,0.630584890313976,0.02392975462057456,1754487558.613386
C,0.31164143698920443,0.9520371462257705,1754487498.613386
B,0.5934827273771454,0.16372468096364445,1754487438.613386
C,0.5032632183359096,0.9696023794859321,1754487378.613386
A,0.49629660451367763,0.004791448457267422,1754487318.613386
C,0.20918121110061316,0.5845988459639367,1754487258.613386
C,0.7124050148672199,0.6741567390156317,1754487198.613386
B,0.07104379293298357,0.6988949427692054,1754487138.613386
B,0.05848749209116422,0.3032438328620355,1754487078.613386
C,0.8444723283408431,0.17379180780470505,1754487018.613386
C,0.9323795982361203,0.8620986167516534,1754486958.613386
B,0.3063943142693485,0.7533229890422677,1754486898.613386
B,0.6344869893688296,0.6670475814351992,1754486838.613386
A,0.7533395570647134,0.42167344755409,1754486778.613386
C,0.1639983215498949,0.1651724718021016,1754486718.613386
A,0.8454386546657325,0.6630640010016966,1754486658.613386
C,0.7819554844084935,0.4090425119148223,1754486598.613386
B,0.21062223666182922,0.39162265556026643,1754486538.613386
C,0.6557143641583087,0.8799563058663634,1754486478.613386
C,0.45490590544593834,0.8326143149819337,1754486418.613386
A,0.8401788764222142,0.6669814185779882,1754486358.613386
B,0.4602709861081169,0.25243590431040297,1754486298.613386
B,0.28232710360875923,0.09975044421520196,1754486238.613386
B,0.6029167523187619,0.9601524884393224,1754486178.613386
B,0.9048628720859465,0.6905543598903995,1754486118.613386
B,0.9040565113570075,0.07887062654189336,1754486058.613386
A,0.550360348985597,0.06599136227108604,1754485998.613386
C,0.5169273534521615,0.6484370219981369,1754485938.613386
A,0.820001255019918,0.716175383443924,1754485878.613386
B,0.08380568355840412,0.8111589671565798,1754485818.613386
C,0.4919860442933872,0.471897331188024,1754485758.613386
B,0.6220267608696411,0.8055200488592387,1754485698.613386
B,0.4965325988604158,0.7008231001557307,1754485638.613386
B,0.1093765069098589,0.3579726270523158,1754485578.613386
A,0.22915871139432187,0.13442356864736105,1754485518.613386
C,0.776394537753136,0.2729885979349105,1754485458.613386
A,0.633698441162512,0.15461325251298363,1754485398.613386
B,0.20555214085178808,0.9758014542109652,1754485338.613386
A,0.15936105775782972,0.97579132334253,1754485278.613386
A,0.2704228492273949,0.4773710980101049,1754485218.613386
B,0.9864885358587795,0.36915267209293734,1754485158.613386
C,0.2995834853096587,0.23305702057230704,1754485098.613386
B,0.21995298392638218,0.40042965061005253,1754485038.613386
A,0.5659337731703952,0.5605725679068256,1754484978.613386
C,0.72188998237159,0.6608921809648773,1754484918.613386
B,0.5614801933578275,0.66258328905309,1754484858.613386
C,0.4683932035458157,0.2999253982659835,1754484798.613386
A,0.553588140052519,0.17263166156150644,1754484738.613386
B,0.08934950842294553,0.14443243572614062,1754484678.613386
B,0.8432366534765736,0.17769114116839013,1754484618.613386
A,0.2962324792182688,0.3100154374815126,1754484558.613386
C,0.9173564545026142,0.48774601208408186,1754484498.613386
C,0.7655491015899082,0.9265656417253237,1754484438.613386
B,0.8235934561523991,0.9299357974926149,1754484378.613386
B,0.6663173389837896,0.5173401955839462,1754484318.613386
C,0.22916743694859076,0.7351698828642569,1754484258.613386
B,0.08710904633977112,0.021673035968555188,1754484198.613386
A,0.04425268223359902,0.7043443135588603,1754484138.613386
A,0.19709224868327213,0.8297428262732566,1754484078.613386
C,0.13583356947326497,0.6507716108099191,1754484018.613386
A,0.7152772680900231,0.3197138435428307,1754483958.613386
B,0.40655778078101457,0.3334745212027883,1754483898.613386
A,0.5019273142176264,0.6157308898667714,1754483838.613386
B,0.028665060262331288,0.30191678138770317,1754483778.613386
C,0.14136411313653086,0.8353351931959274,1754483718.613386
B,0.3252188491561703,0.9090178303126779,1754483658.613386
B,0.4274752003061668,0.4270217164553842,1754483598.613386
C,0.26681405617784626,0.2962812617947008,1754483538.613386
C,0.17062290083090803,0.9298428935350913,1754483478.613386
B,0.9040851223135153,0.11471681656769417,1754483418.613386
C,0.8293554651935154,0.16130286372598268,1754483358.613386
A,0.027883257184223686,0.6309096695619615,1754483298.613386
B,0.04288552789388911,0.2056786749894729,1754483238.613386
B,0.350908012464875,0.3647214593089252,1754483178.613386
A,0.8800037177068462,0.955766917722445,1754483118.613386
C,0.03265826215222045,0.17753843926900637,1754483058.613386
B,0.5484858271657376,0.44116899626027073,1754482998.613386
C,0.38358703408244266,0.6694777235952162,1754482938.613386
C,0.6148386985240815,0.25787023452260815,1754482878.613386
C,0.5470006937677085,0.5924436975827901,1754482818.613386
A,0.5367400937106938,0.4098056796390641,1754482758.613386
A,0.5533576643974347,0.5673478431395075,1754482698.613386
B,0.22916282304209157,0.050568693088869576,1754482638.613386
C,0.17630710228572277,0.8061763454451233,1754482578.613386
A,0.473457382303902,0.14366168205733698,1754482518.613386
A,0.655631067231703,0.5841270241413221,1754482458.613386
C,0.15152183538828468,0.8575172887989606,1754482398.613386
C,0.44935648121002547,0.7775971816902507,1754482338.613386
B,0.12417063710444676,0.1164984990884782,1754482278.613386
B,0.9963397540116818,0.974029540926652,1754482218.613386
B,0.5349609289613196,0.6131000084384407,1754482158.613386
A,0.509683434521802,0.28628938320594566,1754482098.613386
C,0.951663359252509,0.7385106864388035,1754482038.613386
C,0.7128138837323754,0.24137559605442127,1754481978.613386
B,0.8077187861854451,0.7657275487560972,1754481918.613386
B,0.6137703783681724,0.6910512477631484,1754481858.613386
A,0.9122390947561967,0.009120089742511328,1754481798.613386
A,0.9469128117856694,0.19883707335780076,1754481738.613386
C,0.9616355941366976,0.5945155452624897,1754481678.613386
A,0.8824335040140383,0.7086613208978485,1754481618.613386
C,0.3495841882436175,0.46333029251733027,1754481558.613386
C,0.6951687675026875,0.5233785077498059,1754481498.613386
A,0.8078881215150651,0.48451826458230884,1754481438.613386
C,0.30695004062011577,0.8453226311768789,1754481378.613386
C,0.32173382210549106,0.7197845091819222,1754481318.613386
B,0.5941127207705578,0.9029689461553836,1754481258.613386
B,0.3395787032932527,0.5918510961496389,1754481198.613386
A,0.8051952171254123,0.34180803883395994,1754481138.613386
B,0.6649654295180987,0.6079498527108892,1754481078.613386
B,0.45209843181461273,0.12908346339954402,1754481018.613386
C,0.6699336913190527,0.09061536952226212,1754480958.613386
A,0.29926429502746255,0.616475846079412,1754480898.613386
B,0.08914962368734614,0.30483460360461445,1754480838.613386
C,0.002420065380402292,0.7740536838117067,1754480778.613386
A,0.3668694504777824,0.3220844639212501,1754480718.613386
C,0.4625159148857588,0.33770933223759436,1754480658.613386
C,0.31994585514905705,0.11444100227034615,1754480598.613386
A,0.14091710648389055,0.01945987374374547,1754480538.613386
B,0.8405909758725019,0.6606775012566682,1754480478.613386
B,0.8620749244255227,0.36455764366294197,1754480418.613386
B,0.45930547811047717,0.559842302263472,1754480358.613386
B,0.8570692502436436,0.42943381220980326,1754480298.613386
A,0.008435317928612407,0.8643111237317938,1754480238.613386
C,0.3179494501132635,0.848137804712258,1754480178.613386
C,0.8426971112643349,0.7413214950790776,1754480118.613386
B,0.8524900712268594,0.9271944265420262,1754480058.613386
C,0.7652617031201192,0.6633578236550919,1754479998.613386
B,0.26100106506782106,0.6867263643334731,1754479938.613386
A,0.6925075343710353,0.2947778318911406,1754479878.613386
B,0.5252552719230796,0.07266813181724208,1754479818.613386
B,0.5839517092895952,0.5615203782822648,1754479758.613386
A,0.46009494608656043,0.02798175246186274,1754479698.613386
A,0.3040814831324997,0.24927233611788768,1754479638.613386
A,0.9332769977461517,0.04732248244201054,1754479578.613386
A,0.2582017470039335,0.11216476300142575,1754479518.613386
A,0.7181837063212515,0.6567702001098203,1754479458.613386
A,0.9345095740839906,0.06889247778150154,1754479398.613386
B,0.9202887297276727,0.3382736281825879,1754479338.613386
C,0.8140377753698973,0.6946877924014306,1754479278.613386
B,0.702806743273779,0.7540639874943503,1754479218.613386
C,0.49921475474971244,0.9927961957044514,1754479158.613386
B,0.07480016279920643,0.2536250219763315,1754479098.613386
A,0.7672996186431931,0.9004609592387908,1754479038.613386
C,0.3268520015161678,0.007067704378188933,1754478978.613386
A,0.8988423946121981,0.6541961966461555,1754478918.613386
B,0.3872625529402258,0.6875276039268335,1754478858.613386
A,0.7496730182996512,0.5546266504021119,1754478798.613386
B,0.5057054802149267,0.16458365703319044,1754478738.613386
B,0.34963223616352324,0.34684597446731846,1754478678.613386
A,0.12698862355894558,0.5833041745531374,1754478618.613386
A,0.7481995503964292,0.39743731295541873,1754478558.613386
C,0.359765573539513,0.68647984761626,1754478498.613386
B,0.9175403315582816,0.5669895464027574,1754478438.613386
A,0.6883592108238903,0.6274634968980083,1754478378.613386
B,0.9918330110725188,0.4044777071453638,1754478318.613386
C,0.06423154149474397,0.6235585783826855,1754478258.613386
A,0.1813662211930721,0.6724044354872657,1754478198.613386
A,0.7208453027765822,0.24712698643677944,1754478138.613386
B,0.5395463589418792,0.36851517410881884,1754478078.613386
C,0.1260896265355207,0.027007688187730916,1754478018.613386
C,0.8862208851436779,0.004220460234412915,1754477958.613386
B,0.7055478968342378,0.3762353445809603,1754477898.613386
B,0.03687317202948359,0.34414827089541444,1754477838.613386
C,0.5695010635756325,0.6772496961075337,1754477778.613386
B,0.6563653676596466,0.7359021249130752,1754477718.613386
A,0.16548772557878855,0.04619215827446754,1754477658.613386
C,0.7975230980789142,0.8174907007467596,1754477598.613386
B,0.9126320748739605,0.7618682205836025,1754477538.613386
B,0.5929532181737855,0.7048182183560849,1754477478.613386
C,0.26551639621968304,0.32417922374981345,1754477418.613386
B,0.2510192421895485,0.5234535386095581,1754477358.613386
B,0.8700474825758907,0.5881369248205814,1754477298.613386
C,0.35288321865768835,0.37633806964259287,1754477238.613386
C,0.03614214954829609,0.46719882845581584,1754477178.613386
B,0.9256599195096813,0.5650836097706258,1754477118.613386
A,0.3586808274084051,0.5948017244960034,1754477058.613386
C,0.9535501368830569,0.9540152351458455,1754476998.613386
B,0.20906143621719564,0.874252136730214,1754476938.613386
A,0.9835188004927929,0.18370478669141832,1754476878.613386
A,0.9399558972819736,0.6627062034840242,1754476818.613386
A,0.9081774120649743,0.3730075735341668,1754476758.613386
B,0.6456552297045082,0.1625348124184286,1754476698.613386
C,0.6654682750591081,0.13083700881254867,1754476638.613386
B,0.10347644455825844,0.7448309602709601,1754476578.613386
B,0.3019371080044021,0.1872034378104941,1754476518.613386
B,0.5105853292991476,0.5061358514820405,1754476458.613386
A,0.03817849851010546,0.6360528340714788,1754476398.613386
B,0.23394290133786955,0.4133884833201642,1754476338.613386
C,0.871269641072651,0.19975576529700234,1754476278.613386
A,0.8948474039800125,0.21044255059185435,1754476218.613386
C,0.5817076860298589,0.9683093403759738,1754476158.613386
A,0.7064555736166537,0.565868616289102,1754476098.613386
A,0.3906228344575544,0.9044711976626261,1754476038.613386
A,0.8601029036259346,0.2791022982602206,1754475978.613386
C,0.6169037639853151,0.09911930787682033,1754475918.613386
A,0.46486318124503845,0.42792841296481354,1754475858.613386
B,0.39727798669167036,0.12422820582043426,1754475798.613386
C,0.0457438485448981,0.24007190956425306,1754475738.613386
A,0.9176943335032156,0.5000890734632644,1754475678.613386
C,0.4926448554848518,0.09442382719299947,1754475618.613386
C,0.3750898113502158,0.24254768632636137,1754475558.613386
C,0.21807503747384083,0.4809466804059799,1754475498.613386
B,0.5621034337752754,0.16085724198386642,1754475438.613386
B,0.29468343003445796,0.11998447181377436,1754475378.613386
B,0.3624479268271117,0.7042256448262563,1754475318.613386
A,0.43141135232109595,0.6508491558639138,1754475258.613386
A,0.17596179731851092,0.6756475077384014,1754475198.613386
B,0.6368934889041299,0.8853423580609362,1754475138.613386
C,0.6768582303411405,0.11759073243577811,1754475078.613386
A,0.5963241876232726,0.8218431280415314,1754475018.613386
C,0.9738310083894018,0.35585923228018546,1754474958.613386
C,0.31132897338649546,0.16937674063234887,1754474898.613386
B,0.49278009622736774,0.9144276633909287,1754474838.613386
B,0.14832173552552108,0.3260029180845081,1754474778.613386
B,0.9784676482681153,0.7870701844428978,1754474718.613386
C,0.7224993854392016,0.9426191192532222,1754474658.613386
B,0.9326906168044937,0.9993095207359843,1754474598.613386
A,0.8106123264233143,0.27364296505470564,1754474538.613386
A,0.3240552309845993,0.46738583736907013,1754474478.613386
B,0.028817498564122412,0.6582025883717616,1754474418.613386
A,0.9262638477457688,0.9760281575255484,1754474358.613386
B,0.45209692696023207,0.11063578265140428,1754474298.613386
C,0.16973089608919423,0.9568230022075188,1754474238.613386
C,0.48933758593254684,0.6439578957395293,1754474178.613386
B,0.5243060928168278,0.7324606111203102,1754474118.613386
B,0.34606692681904205,0.28053060619076564,1754474058.613386
B,0.004404855564779209,0.8433266265230147,1754473998.613386
A,0.9822389210884354,0.07833722455234293,1754473938.613386
B,0.5528495503098221,0.43559046656065703,1754473878.613386
C,0.26641444947229265,0.8996079354808201,1754473818.613386
B,0.30313047486234257,0.024523285090172653,1754473758.613386
B,0.5835318770519168,0.9007813262556182,1754473698.613386
C,0.4268781120662043,0.43542778891081546,1754473638.613386
A,0.12377581252172298,0.4855542242061226,1754473578.613386
A,0.23861837031546584,0.5753854970249062,1754473518.613386
